txn_id,sender_id,receiver_id,sender_name,receiver_name,amount,timestamp,txn_type,account_ref
TXN-0000,P-0038,P-0004,Ritvik Gade,Lakshit Sagar,250000,2025-01-23T14:57:32,bank_transfer,ACC-SEIZED-001
TXN-0001,P-0038,P-0015,Ritvik Gade,Nayantara Kumar,8500,2025-09-15T14:30:00,upi,ACC-6968
TXN-0002,P-0038,P-0015,Ritvik Gade,Nayantara Kumar,12000,2025-10-03T11:15:00,cash_deposit,ACC-4891
TXN-0001,P-0031,P-0021,Amani Basu,Dharmajan Rout,4333,2025-10-01T08:42:28,bank_transfer,ACC-8684
TXN-0002,P-0015,P-0026,Nayantara Kumar,Kartik Chokshi,7718,2025-08-25T10:15:32,bank_transfer,ACC-9239
TXN-0003,P-0036,P-0029,Miraya Sanghvi,Aarna Bhandari,13627,2025-11-06T05:02:20,bank_transfer,ACC-1854
TXN-0004,P-0033,P-0026,Vedika Kulkarni,Kartik Chokshi,14359,2025-09-22T04:32:21,bank_transfer,ACC-2374
TXN-0005,P-0011,P-0020,Oorja Sehgal,Amit Sharma,14115,2025-08-12T03:20:21,cash_deposit,ACC-8391
TXN-0006,P-0025,P-0002,Prisha Khanna,Indrans Chokshi,6626,2025-05-01T14:03:35,cash_deposit,ACC-7142
TXN-0007,P-0017,P-0002,Anahita Kant,Indrans Chokshi,12209,2025-11-29T12:12:27,cash_deposit,ACC-3254
TXN-0008,P-0003,P-0021,Amani Ravi,Dharmajan Rout,14116,2025-03-13T17:04:47,bank_transfer,ACC-1086
TXN-0009,P-0006,P-0002,Ayesha Andra,Indrans Chokshi,9491,2025-11-08T19:12:56,bank_transfer,ACC-2821
TXN-0010,P-0021,P-0018,Dharmajan Rout,Nirvaan Borah,7378,2025-11-24T22:40:33,bank_transfer,ACC-2029
TXN-0011,P-0008,P-0034,Divit Bava,Nitara Sule,8943,2025-10-22T08:48:31,upi,ACC-3352
TXN-0012,P-0021,P-0030,Dharmajan Rout,Divij Contractor,9849,2025-08-02T06:49:11,upi,ACC-2402
TXN-0013,P-0036,P-0026,Miraya Sanghvi,Kartik Chokshi,8812,2025-09-17T20:10:33,cash_deposit,ACC-7397
TXN-0014,P-0033,P-0003,Vedika Kulkarni,Amani Ravi,4655,2025-01-09T13:00:05,cash_deposit,ACC-6649
TXN-0015,P-0018,P-0007,Nirvaan Borah,Nishith Chowdhury,5947,2025-03-10T01:36:51,bank_transfer,ACC-9945
TXN-0016,P-0024,P-0012,Ranbir Wadhwa,Nitya Taneja,11893,2025-09-03T23:00:02,cash_deposit,ACC-3209
TXN-0017,P-0005,P-0032,D. Verma,Ishita Amble,13461,2025-04-13T01:31:32,bank_transfer,ACC-6080
TXN-0018,P-0035,P-0028,Miraan Raval,Ryan Mane,4650,2025-01-19T23:33:10,cash_deposit,ACC-5687
TXN-0019,P-0025,P-0004,Prisha Khanna,Lakshit Sagar,2539,2025-07-08T15:54:32,bank_transfer,ACC-8204
TXN-0020,P-0027,P-0024,Anvi Kannan,Ranbir Wadhwa,8651,2025-07-08T18:54:22,bank_transfer,ACC-2353
TXN-0021,P-0030,P-0006,Divij Contractor,Ayesha Andra,3456,2025-10-07T10:41:44,bank_transfer,ACC-2680
TXN-0022,P-0006,P-0023,Ayesha Andra,Yashvi Mandal,10373,2025-08-07T06:04:02,upi,ACC-8272
TXN-0023,P-0025,P-0031,Prisha Khanna,Amani Basu,6276,2025-11-11T15:50:08,bank_transfer,ACC-1939
TXN-0024,P-0005,P-0028,Deepak Verma,Ryan Mane,11631,2025-03-23T01:08:01,cash_deposit,ACC-8179
TXN-0025,P-0003,P-0009,Amani Ravi,Divij Shetty,6501,2025-07-05T13:56:21,upi,ACC-1530
TXN-0026,P-0010,P-0031,Suresh Patil,Amani Basu,13002,2025-02-09T20:53:45,cash_deposit,ACC-9674
TXN-0027,P-0026,P-0028,Kartik Chokshi,Ryan Mane,2358,2025-01-14T06:46:25,bank_transfer,ACC-9482
TXN-0028,P-0027,P-0040,Anvi Kannan,Tushar Sampath,12034,2025-08-17T07:48:44,upi,ACC-5678
TXN-0029,P-0034,P-0015,Nitara Sule,Nayantara Kumar,7906,2025-03-30T16:12:21,cash_deposit,ACC-6236
TXN-0030,P-0025,P-0005,Prisha Khanna,D. Verma,5414,2025-03-22T23:13:04,cash_deposit,ACC-6922
TXN-0031,P-0035,P-0017,Miraan Raval,Anahita Kant,2775,2025-05-02T17:59:12,cash_deposit,ACC-6912
TXN-0032,P-0040,P-0026,Tushar Sampath,Kartik Chokshi,2626,2025-11-10T03:08:20,cash_deposit,ACC-6067
TXN-0033,P-0028,P-0033,Ryan Mane,Vedika Kulkarni,13989,2025-10-22T02:41:06,cash_deposit,ACC-6194
TXN-0034,P-0005,P-0031,Deepak Verma,Amani Basu,2602,2025-10-10T23:17:39,upi,ACC-3981
TXN-0035,P-0009,P-0030,Divij Shetty,Divij Contractor,14121,2025-03-05T18:51:48,cash_deposit,ACC-5982
TXN-0036,P-0011,P-0023,Oorja Sehgal,Yashvi Mandal,9001,2025-05-26T02:52:16,bank_transfer,ACC-4216
TXN-0037,P-0040,P-0020,Tushar Sampath,Amit Sharma,9240,2025-02-17T18:17:53,upi,ACC-3762
TXN-0038,P-0010,P-0011,Suresh Patil,Oorja Sehgal,10414,2025-06-22T20:31:14,cash_deposit,ACC-1464
TXN-0039,P-0006,P-0003,Ayesha Andra,Amani Ravi,4836,2025-11-30T07:40:31,upi,ACC-7825
TXN-0040,P-0002,P-0034,Indrans Chokshi,Nitara Sule,11017,2025-06-04T17:35:00,cash_deposit,ACC-7653
TXN-0041,P-0022,P-0032,Akarsh Rastogi,Ishita Amble,7702,2025-08-01T17:37:51,bank_transfer,ACC-4342
TXN-0042,P-0024,P-0010,Ranbir Wadhwa,Suresh Patil,12529,2025-06-26T14:31:00,cash_deposit,ACC-7070
TXN-0043,P-0035,P-0040,Miraan Raval,Tushar Sampath,2507,2025-05-17T16:22:09,cash_deposit,ACC-3308
TXN-0044,P-0007,P-0004,Nishith Chowdhury,Lakshit Sagar,10582,2025-08-03T09:02:21,cash_deposit,ACC-6364
TXN-0045,P-0023,P-0015,Yashvi Mandal,Nayantara Kumar,8933,2025-08-28T18:09:33,bank_transfer,ACC-9148
TXN-0046,P-0002,P-0006,Indrans Chokshi,Ayesha Andra,4444,2025-04-21T21:14:20,bank_transfer,ACC-1797
TXN-0047,P-0004,P-0021,Lakshit Sagar,Dharmajan Rout,11219,2025-12-11T17:08:00,bank_transfer,ACC-9793
TXN-0048,P-0001,P-0007,Rajesh Kumar,Nishith Chowdhury,12419,2025-07-07T14:40:55,bank_transfer,ACC-1741
TXN-0049,P-0028,P-0004,Ryan Mane,Lakshit Sagar,9564,2025-05-28T02:40:37,bank_transfer,ACC-9261
TXN-0050,P-0031,P-0040,Amani Basu,Tushar Sampath,11647,2025-11-09T04:19:32,cash_deposit,ACC-2584
TXN-0051,P-0028,P-0026,Ryan Mane,Kartik Chokshi,6490,2025-03-15T07:14:50,upi,ACC-9341
TXN-0052,P-0028,P-0035,Ryan Mane,Miraan Raval,12191,2025-06-20T17:14:54,upi,ACC-8487
TXN-0053,P-0010,P-0035,S. Patil,Miraan Raval,5718,2025-03-25T14:18:25,upi,ACC-5902
TXN-0054,P-0024,P-0035,Ranbir Wadhwa,Miraan Raval,12111,2025-10-16T10:54:54,bank_transfer,ACC-1272
TXN-0055,P-0026,P-0024,Kartik Chokshi,Ranbir Wadhwa,10063,2025-06-07T22:54:38,cash_deposit,ACC-8775
TXN-0056,P-0019,P-0017,Navya Devi,Anahita Kant,3293,2025-09-26T22:54:07,upi,ACC-7229
TXN-0057,P-0010,P-0018,S. Patil,Nirvaan Borah,2300,2025-04-08T00:41:22,bank_transfer,ACC-6139
TXN-0058,P-0029,P-0010,Aarna Bhandari,S. Patil,8721,2025-11-10T17:10:14,upi,ACC-2020
TXN-0059,P-0009,P-0036,Divij Shetty,Miraya Sanghvi,11349,2025-09-02T19:07:55,bank_transfer,ACC-6140
